Strain,TriazoleClass,Itraconazole_MIC,Itraconazole_OD_0ug/ml,Itraconazole_OD_0.01ug/ml,Itraconazole_OD_0.03ug/ml,Itraconazole_OD_0.06ug/ml,Itraconazole_OD_0.12ug/ml,Itraconazole_OD_0.25ug/ml,Itraconazole_OD_0.5ug/ml,Itraconazole_OD_1ug/ml,Itraconazole_OD_2ug/ml,Itraconazole_OD_4ug/ml,Itraconazole_OD_8ug/ml,Itraconazole_OD_16ug/ml,Voriconazole_OD_0ug/ml,Voriconazole_OD_0.01ug/ml,Voriconazole_OD_0.03ug/ml,Voriconazole_OD_0.06ug/ml,Voriconazole_OD_0.12ug/ml,Voriconazole_OD_0.25ug/ml,Voriconazole_OD_0.5ug/ml,Voriconazole_OD_1ug/ml,Voriconazole_OD_2ug/ml,Voriconazole_OD_4ug/ml,Voriconazole_OD_8ug/ml,Voriconazole_OD_16ug/ml,Voriconazole_MIC,AmphotericinB_OD_0ug/ml,AmphotericinB_OD_0.01ug/ml,AmphotericinB_OD_0.03ug/ml,AmphotericinB_OD_0.06ug/ml,AmphotericinB_OD_0.12ug/ml,AmphotericinB_OD_0.25ug/ml,AmphotericinB_OD_0.5ug/ml,AmphotericinB_OD_1ug/ml,AmphotericinB_OD_2ug/ml,AmphotericinB_OD_4ug/ml,AmphotericinB_OD_8ug/ml,AmphotericinB_OD_16ug/ml,AmphotericinB_MIC,ZOC_Mean(24h),CD_Mean(24h),ZOC_Mean(48h),CD_Mean(48h),ZOC_Mean(72h),CD_Mean(72h),ZOC/CD(24h),ZOC/CD(48h),ZOC/CD(72h),RawBiofilm_OD,StandardizedBiofilm_OD,TempGrowth15(24h),TempGrowth15(48h),TempGrowth15(72h),TempGrowth22(24h),TempGrowth22(48h),TempGrowth22(72h),TempGrowth35(24h),TempGrowth35(48h),TempGrowth35(72h),TempGrowth41(24h),TempGrowth41(48h),TempGrowth41(72h),AUC15(24-48h),AUC22(24-48h),AUC35(24-48h),AUC41(24-48h),Contains≥95%_of_SNPs
J57xP20_1,susceptible,0.5,0.292333333,0.190311015,0.198716912,0.202165029,0.209801906,0.198,0.051,0.01,0.01,0.008333333,0.008,0.008,0.275333333,0.236748757,0.251574326,0.254402664,0.272420493,0.113333333,0.009333333,0.01,0.018,0.018,0.018,0.018,0.5,0.308333333,0.229851308,0.223516505,0.235977341,0.236046965,0.304,0.285333333,0.269333333,0.254,0.012,0.011,0.012,4,1.74,1.24,3.29,1.98,4.56,3.44,1.41,1.66,1.33,0.083,0.033,0.134,0.134,0.136,0.134,0.396,0.503,0.357,0.466,0.545,0.321,0.405,0.468,0.134,0.265166667,0.4115,0.363166667,No
J57xP20_2,susceptible,0.5,0.247,0.182547683,0.19823624,0.201507153,0.184350097,0.155,0.048666667,0.009,0.009,0.009333333,0.008333333,0.046,0.256,0.26491914,0.264971947,0.268852449,0.24506762,0.110666667,0.016666667,0.008,0.008,0.021333333,0.027,0.021666667,0.5,0.305333333,0.227446827,0.225768817,0.229457125,0.241907457,0.23,0.257,0.213333333,0.166,0.011,0.012,0.011,4,1.83,1.14,3.33,1.11,4.58,3.49,1.6,2.99,1.31,0.083,0.032666667,0.076,0.077,0.076,0.066,0.274,0.388,0.28,0.377,0.438,0.283,0.363,0.427,0.0765,0.170166667,0.3285,0.322666667,Yes
J57xP20_3,susceptible,0.5,0.236666667,0.18282917,0.201828194,0.207305738,0.221206647,0.206333333,0.029,0.009,0.018,0.018,0.018,0.010333333,0.237666667,0.275654662,0.28062846,0.274413277,0.275136876,0.125666667,0.021,0.018,0.017666667,0.007,0.035666667,0.007333333,0.5,0.261333333,0.220275098,0.24245352,0.228076909,0.216234747,0.244,0.207666667,0.204,0.145333333,0.011,0.013,0.012333333,4,1.78,1.27,3.24,1.55,4.56,3.41,1.4,2.09,1.34,0.073,0.023333333,0.073,0.074,0.076,0.07,0.249,0.339,0.281,0.4,0.467,0.209,0.294,0.345,0.073333334,0.159666667,0.340333334,0.251666667,Yes
J57xP20_4,susceptible,0.5,0.244666667,0.201765242,0.191557849,0.190574725,0.191122465,0.199666667,0.01,0.029,0.019,0.018,0.019666667,0.029,0.248333333,0.274407411,0.275470282,0.245282661,0.263541855,0.007,0.007666667,0.011,0.01,0.009666667,0.010333333,0.012,0.25,0.284,0.241371373,0.225380144,0.251710091,0.227417447,0.243,0.227333333,0.364666667,0.197666667,0.013,0.013,0.005,4,1.91,1.24,3.37,1.52,4.61,3.51,1.54,2.21,1.32,0.077,0.027333333,0.097,0.098,0.099,0.103,0.299,0.406,0.286,0.391,0.443,0.253,0.349,0.42,0.0975,0.201166667,0.3385,0.301,Yes
J57xP20_5,susceptible,0.5,0.269666667,0.202541042,0.204236496,0.20046781,0.189897729,0.178333333,0.029,0.018,0.019,0.017666667,0.016,0.016,0.257666667,0.254055094,0.246563141,0.251322215,0.243273461,0.086,0.012,0.009,0.009,0.009,0.012666667,0.012333333,0.5,0.253666667,0.222323452,0.23821771,0.238385396,0.219214336,0.259333333,0.247666667,0.247333333,0.197333333,0.011,0.012,0.012333333,4,1.66,1.19,3.01,1.48,4.43,3.39,1.4,2.04,1.31,0.079,0.029333333,0.083,0.083,0.085,0.085,0.276,0.378,0.27,0.372,0.429,0.226,0.31,0.365,0.083166667,0.180166667,0.321,0.267833334,Yes
J57xP20_6,resistant,>16,0.225666667,0.18683931,0.18272148,0.202043142,0.209839019,0.218,0.234666667,0.212,0.214,0.161666667,0.181,0.153333333,0.238666667,0.261861351,0.261240116,0.274285816,0.261491698,0.203333333,0.2,0.191,0.210333333,0.19,0.016,0.016,8,0.257,0.219562948,0.24329048,0.246247362,0.214693058,0.220666667,0.217,0.221666667,0.172,0.015,0.012,0.014,4,1.67,1.21,3.22,1.52,4.46,3.39,1.37,2.12,1.32,0.086,0.036,0.133,0.092,0.096,0.101,0.264,0.349,0.238,0.328,0.4,0.215,0.303,0.371,0.112833333,0.182166667,0.283166667,0.259166667,Yes
J57xP20_7,susceptible,0.5,0.243666667,0.184026327,0.199756132,0.20674835,0.210815602,0.155333333,0.032333333,0.058333333,0.025666667,0.025666667,0.031,0.059,0.280666667,0.290512497,0.248346362,0.246244659,0.23867511,0.103333333,0.03,0.029333333,0.019333333,0.03,0.022333333,0.098666667,0.5,0.269666667,0.220803913,0.224292522,0.225614911,0.227772083,0.253333333,0.230666667,0.212333333,0.177333333,0.013,0.012,0.012,4,1.69,1.19,3.48,1.64,4.83,3.69,1.42,2.13,1.31,0.082,0.031666667,0.087,0.088,0.088,0.103,0.272,0.373,0.277,0.373,0.441,0.219,0.296,0.35,0.087666667,0.1875,0.324833334,0.2575,Yes
J57xP20_8,susceptible,0.5,0.216666667,0.220100408,0.20938022,0.189230478,0.187818303,0.173666667,0.046,0.046333333,0.019666667,0.026666667,0.073,0.038333333,0.302,0.2596361,0.276288917,0.246950763,0.244238955,0.057,0.023,0.045666667,0.046666667,0.043,0.015,0.015,0.5,0.269,0.240395789,0.23392033,0.235386607,0.23291284,0.243333333,0.222666667,0.255,0.174,0.012,0.012,0.014,4,1.9,1.24,3.39,1.89,4.67,3.64,1.53,1.79,1.28,0.077,0.027333333,0.106,0.079,0.079,0.098,0.288,0.396,0.247,0.327,0.393,0.217,0.272,0.318,0.092333334,0.193166667,0.286666667,0.244333334,Yes
J57xP20_9,susceptible,0.5,0.259,0.194250028,0.189756105,0.190785755,0.216218065,0.169333333,0.033333333,0.025333333,0.018333333,0.018666667,0.043,0.036,0.294,0.282344143,0.256595245,0.262623444,0.253703999,0.104,0.038333333,0.029,0.088,0.037666667,0.036666667,0.015,0.5,0.296,0.230561947,0.21997562,0.216055776,0.23512367,0.252666667,0.250333333,0.218666667,0.181,0.013,0.013,0.012,4,1.99,1.34,3.5,1.71,4.73,3.59,1.49,2.04,1.32,0.087,0.036666667,0.127,0.127,0.128,0.128,0.29,0.391,0.348,0.47,0.559,0.245,0.331,0.408,0.127,0.208666667,0.409333333,0.288,No
J57xP20_10,susceptible,0.5,0.229666667,0.196045223,0.203692828,0.202487912,0.203821814,0.193333333,0.036,0.025333333,0.048666667,0.028666667,0.032666667,0.037666667,0.290333333,0.241300468,0.276539958,0.256244782,0.27025336,0.071,0.020333333,0.021,0.027,0.021,0.022,0.016,0.5,0.296666667,0.219828228,0.220871554,0.230551045,0.221587237,0.267,0.255,0.236,0.245,0.012,0.014,0.013,4,2.09,1.49,3.5,2.1,4.69,3.69,1.41,1.67,1.27,0.093,0.043,0.094,0.094,0.095,0.128,0.333,0.44,0.299,0.394,0.444,0.273,0.358,0.41,0.093833334,0.230666667,0.346166667,0.3155,Yes
J57xP20_11,susceptible,0.5,0.280666667,0.214705831,0.198687723,0.203023018,0.202845849,0.188666667,0.032,0.032666667,0.024,0.023,0.024666667,0.024,0.288333333,0.263094909,0.26034726,0.270297232,0.252962406,0.016666667,0.017333333,0.018,0.039666667,0.028,0.024,0.009,0.25,0.3,0.211139019,0.237649395,0.216315599,0.227979412,0.271666667,0.239333333,0.254,0.240666667,0.012,0.012,0,4,1.98,1.2,3.56,2.37,4.96,3.31,1.65,1.5,1.5,0.082,0.031666667,0.102,0.102,0.105,0.117,0.331,0.422,0.303,0.452,0.525,0.218,0.301,0.363,0.102,0.224,0.3775,0.2595,Yes
J57xP20_12,susceptible,0.5,0.287333333,0.207940367,0.180975834,0.2158092,0.194971637,0.258333333,0.038,0.025333333,0.022,0.024,0.027,0.034333333,0.312,0.230220772,0.261919516,0.264583402,0.282256496,0.018,0.086666667,0.024666667,0.024,0.025,0.021,0.035333333,0.25,0.349333333,0.230857111,0.233879787,0.227902,0.230864776,0.295333333,0.280333333,0.267666667,0.238,0.014,0.012,0.011,4,1.86,1.16,3.34,1.8,4.98,3.53,1.6,1.85,1.41,0.09,0.04,0.093,0.094,0.096,0.112,0.31,0.394,0.278,0.374,0.433,0.272,0.387,0.472,0.069333334,0.210666667,0.326166667,0.3295,Yes
J57xP20_13,susceptible,0.5,0.214666667,0.213062333,0.20716072,0.181948781,0.197691083,0.188,0.024,0.026,0.018,0.018,0.018,0.016666667,0.285666667,0.282190418,0.253516027,0.252110545,0.262891797,0.021,0.021,0.018,0.018,0.017,0.017,0.017,0.25,0.272333333,0.252182937,0.236896093,0.243140554,0.231848729,0.248,0.211333333,0.279,0.235,0.014,0.014,0.011666667,4,1.94,1.32,3.48,1.83,4.87,3.51,1.47,1.9,1.39,0.084,0.034333333,0.076,0.078,0.08,0.129,0.309,0.407,0.322,0.457,0.525,0.205,0.286,0.342,0.077,0.219,0.389666667,0.245666667,Yes
J57xP20_14,susceptible,0.5,0.233,0.198531469,0.179077779,0.214236356,0.204512579,0.130666667,0.016,0.012,0.012,0.009,0.012,0.008666667,0.271666667,0.272502193,0.262045366,0.280076459,0.260605015,0.12,0.017666667,0.010333333,0.01,0.010666667,0.011,0.008333333,0.5,0.245333333,0.227251239,0.23142078,0.2359084,0.220136998,0.244,0.228666667,0.210333333,0.204666667,0.013,0.014,0.011,4,1.86,1.22,3.32,2.19,4.76,3.53,1.52,1.52,1.35,0.087,0.037,0.056,0.056,0.056,0.069,0.215,0.293,0.258,0.374,0.458,0.231,0.326,0.401,0.056,0.142,0.316,0.2785,Yes
J57xP20_15,susceptible,0.5,0.261333333,0.211343324,0.191408409,0.197568356,0.207058167,0.143,0.012,0.027,0.008333333,0.009,0.009,0.011333333,0.247,0.247578224,0.269727219,0.266793212,0.24580421,0.010333333,0.008333333,0.009,0.009333333,0.009666667,0.01,0.01,0.25,0.288333333,0.232206734,0.2180265,0.227326708,0.237720558,0.229,0.21,0.249,0.219,0.011666667,0.014333333,0.013,4,1.81,1.11,3.46,1.99,5.04,3.37,1.62,1.73,1.49,0.084,0.034333333,0.075,0.075,0.077,0.09,0.287,0.396,0.304,0.443,0.525,0.217,0.312,0.389,0.075333333,0.188166667,0.3735,0.2645,Yes
J57xP20_16,resistant,>16,0.234333333,0.217346617,0.185598025,0.195692986,0.197820618,0.169,0.174,0.18,0.117333333,0.171333333,0.188333333,0.221,0.252666667,0.24031354,0.241579253,0.265448276,0.261297075,0.177666667,0.179,0.194333333,0.155666667,0.126,0.009333333,0.025,8,0.217666667,0.247031583,0.229566683,0.233716865,0.226666848,0.216,0.224333333,0.522,0.219666667,0.014,0.012333333,0.013,4,1.75,1.19,3.11,1.69,4.46,3.26,1.47,1.85,1.37,0.084,0.034333333,0.083,0.084,0.084,0.089,0.253,0.334,0.227,0.316,0.379,0.234,0.31,0.374,0.0835,0.170666667,0.2715,0.271833334,Yes
J57xP20_17,susceptible,0.5,0.213,0.205749745,0.218808454,0.209014969,0.208561928,0.117,0.012,0.006,0.009,0.012,0.012,0.028,0.270666667,0.263146393,0.275385492,0.253784747,0.227861698,0.086666667,0.01,0.008333333,0.019333333,0.018,0.018,0.02,0.5,0.249666667,0.227543889,0.24794849,0.237444166,0.235592863,0.215,0.222,0.236333333,0.449333333,0.012,0.012333333,0.013,4,1.8,1.14,3.21,2,4.56,3.25,1.57,1.61,1.4,0.075,0.025,0.077,0.076,0.077,0.106,0.3,0.395,0.311,0.433,0.509,0.235,0.327,0.428,0.076666667,0.203,0.372166667,0.281333333,No
J57xP20_18,susceptible,0.5,0.220333333,0.208968799,0.206414138,0.216551648,0.208424462,0.118333333,0.020666667,0.020666667,0.039666667,0.080666667,0.038,0.037,0.268,0.260532433,0.251431378,0.247341686,0.250221966,0.02,0.02,0.008333333,0.03,0.043,0.044,0.019,0.25,0.278666667,0.2418218,0.233625715,0.212944061,0.222031688,0.237666667,0.226333333,0.215,0.185,0.012,0.012,0.013,4,1.81,1.19,3.11,1.84,4.51,3.02,1.52,1.69,1.49,0.084,0.034,0.071,0.072,0.074,0.085,0.259,0.34,0.289,0.391,0.471,0.226,0.311,0.402,0.071833333,0.172,0.339833334,0.2685,Yes
J57xP20_19,susceptible,0.5,0.250666667,0.209247126,0.192653704,0.192821137,0.205681321,0.138333333,0.046,0.11,0.121666667,0.044,0.056333333,0.034,0.267,0.271869741,0.268123895,0.270712973,0.274204542,0.009,0.010333333,0.008666667,0.053666667,0.051666667,0.056,0.023,0.25,0.288,0.213866196,0.235838906,0.227274807,0.246197856,0.238666667,0.238,0.246,0.283666667,0.013,0.012,0.011333333,4,1.94,1.23,3.5,1.82,5.09,3.22,1.58,1.92,1.58,0.082,0.031666667,0.098,0.098,0.102,0.14,0.366,0.465,0.374,0.509,0.577,0.24,0.341,0.423,0.098,0.253166667,0.441666667,0.290666667,Yes
J57xP20_20,susceptible,0.5,0.258,0.221550256,0.222189557,0.197024538,0.213281291,0.209,0.022,0.018,0.041,0.022,0.017,0.016666667,0.304333333,0.269997637,0.25751898,0.258249393,0.26680257,0.084,0.023,0.021666667,0.055666667,0.033,0.03,0.023,0.5,0.256,0.214103036,0.241956618,0.223289026,0.232544319,0.275666667,0.248333333,0.201,0.213333333,0.017,0.014,0.019,4,1.99,1.34,3.6,2.05,5.14,3.67,1.48,1.75,1.4,0.093,0.043333333,0.07,0.073,0.072,0.078,0.281,0.395,0.292,0.442,0.534,0.208,0.308,0.392,0.071333334,0.179166667,0.366833334,0.257666667,Yes
J57xP20_21,susceptible,0.5,0.261,0.203152418,0.212090793,0.212155494,0.211695226,0.137666667,0.029,0.026333333,0.023,0.024666667,0.024666667,0.034333333,0.334333333,0.265373983,0.268806516,0.251565364,0.26414469,0.08,0.019333333,0.007666667,0.054666667,0.040666667,0.057,0.014,0.5,0.253333333,0.2245287,0.24389219,0.214447559,0.234883313,0.244333333,0.245666667,0.214,0.225333333,0.013,0.013,0.013,4,2.01,1.28,3.59,2.08,5.08,3.34,1.57,1.73,1.52,0.078,0.027666667,0.087,0.088,0.092,0.12,0.34,0.431,0.387,0.533,0.603,0.258,0.356,0.427,0.087833333,0.23,0.460333333,0.306833334,Yes
J57xP20_22,susceptible,0.5,0.216333333,0.181375665,0.203760234,0.22267187,0.215813706,0.145666667,0.029,0.022,0.040666667,0.030666667,0.036,0.037666667,0.277,0.251438124,0.274439147,0.246154874,0.2690505,0.110666667,0.010333333,0.017333333,0.026,0.038,0.035,0.022,0.5,0.244,0.225412236,0.226505717,0.210952852,0.232338639,0.187,0.186666667,0.190666667,0.177333333,0.012333333,0.012,0.011,4,1.85,1.2,3.21,2.21,4.44,3.35,1.54,1.45,1.33,0.077,0.027,0.082,0.083,0.086,0.11,0.302,0.379,0.338,0.441,0.509,0.233,0.317,0.377,0.082166667,0.205833334,0.389333334,0.274666667,Yes
J57xP20_23,susceptible,0.5,0.251333333,0.207098693,0.21678895,0.227098261,0.19336273,0.172333333,0.033333333,0.028,0.027333333,0.031,0.027,0.028666667,0.297,0.262414018,0.269852218,0.265047879,0.266214205,0.08,0.042666667,0.022,0.025333333,0.025,0.115666667,0.014,0.5,0.316333333,0.218648709,0.228170103,0.236552745,0.237803996,0.230333333,0.209666667,0.210666667,0.213,0.012,0.013,0.011,4,1.76,1.14,3.21,2.04,4.41,3.32,1.54,1.57,1.33,0.081,0.031333333,0.081,0.083,0.083,0.08,0.264,0.351,0.336,0.395,0.447,0.321,0.4,0.457,0.082,0.172166667,0.365833333,0.3605,Yes
J57xP20_24,susceptible,0.5,0.282333333,0.183796226,0.198712484,0.199073183,0.214944135,0.248666667,0.025,0.017666667,0.019,0.04,0.037666667,0.042333333,0.341,0.271301747,0.277276133,0.283702744,0.259531931,0.313,0.014,0.014,0.024,0.026,0.061,0.012,0.5,0.343,0.223073501,0.228636386,0.229522706,0.233753222,0.213666667,0.282,0.218666667,0.288666667,0.012,0.010333333,0.011,4,1.89,1.27,3.18,2.08,4.66,3.21,1.48,1.53,1.45,0.089,0.039333333,0.099,0.1,0.103,0.1,0.318,0.406,0.366,0.48,0.557,0.238,0.308,0.413,0.0995,0.209,0.423333333,0.272833334,Yes
J57xP20_25,susceptible,0.5,0.297666667,0.199861758,0.187927276,0.214186028,0.202882222,0.184,0.082,0.028333333,0.01,0.01,0.008,0.008,0.306333333,0.248741146,0.252705671,0.248610656,0.267036852,0.011333333,0.008,0.008,0.016666667,0.016333333,0.005333333,0.005,0.25,0.310333333,0.234061508,0.228369634,0.244410532,0.255723421,0.282333333,0.117,0.011,0.012,0.013,0.011333333,0.012,1,1.8,1.16,3.15,1.89,4.46,3.15,1.55,1.66,1.41,0.093,0.042666667,0.093,0.094,0.096,0.11,0.358,0.472,0.284,0.392,0.475,0.246,0.316,0.4,0.093833333,0.234333333,0.338166667,0.280666667,No
J57xP20_26,susceptible,0.5,0.273666667,0.203221335,0.19517759,0.211229791,0.188224744,0.16,0.008,0.026333333,0.026,0.01,0.01,0.010333333,0.266666667,0.27162001,0.251199109,0.255262223,0.234170399,0.018333333,0.018,0.018,0.017,0.008,0.025666667,0.017666667,0.25,0.200333333,0.233559062,0.240675373,0.224117352,0.231412843,0.271666667,0.132,0.013,0.011,0.011,0.015666667,0.013,1,1.78,1.26,3.21,2.06,4.47,3.34,1.41,1.56,1.34,0.086,0.035666667,0.084,0.083,0.083,0.09,0.327,0.453,0.274,0.38,0.457,0.272,0.375,0.524,0.083666667,0.208333334,0.326666667,0.323333334,Yes
J57xP20_27,susceptible,0.5,0.275333333,0.200536095,0.18967387,0.182505706,0.198189865,0.065,0.01,0.009666667,0.009666667,0.009,0.023666667,0.024,0.278,0.252985552,0.259818305,0.254267039,0.240998927,0.139,0.017,0.016666667,0.010333333,0.011,0.011,0.011,0.5,0.239,0.240089321,0.248479115,0.241291145,0.243241108,0.208666667,0.109666667,0.015,0.012,0.013333333,0.014,0.013,1,1.77,1.1,3.21,1.92,4.62,3.14,1.61,1.67,1.47,0.078,0.027666667,0.135,0.136,0.139,0.144,0.356,0.462,0.313,0.424,0.502,0.323,0.435,0.492,0.135666667,0.250166667,0.368833333,0.379333333,Yes
J57xP20_28,susceptible,0.5,0.273333333,0.184896006,0.189649787,0.206374689,0.186206659,0.134,0.024,0.017,0.008666667,0.008666667,0.017,0.022,0.255666667,0.272497218,0.258688234,0.262867734,0.259362572,0.018,0.018666667,0.017666667,0.016333333,0.008333333,0.027,0.017666667,0.25,0.227666667,0.236702571,0.227742276,0.237501116,0.244758799,0.217333333,0.108666667,0.012,0.012,0.013,0.014,0.012,1,1.94,1.24,3.57,1.91,5.07,3.06,1.56,1.87,1.65,0.08,0.029666667,0.115,0.115,0.116,0.123,0.354,0.473,0.264,0.399,0.485,0.3,0.419,0.514,0.114833334,0.238333334,0.3315,0.359666667,Yes
J57xP20_29,susceptible,0.5,0.259,0.187239491,0.213134136,0.198152447,0.210041552,0.140666667,0.008,0.009333333,0.010666667,0.017,0.017,0.008,0.295666667,0.267491174,0.262194526,0.26565121,0.266573709,0.018666667,0.018666667,0.018666667,0.018,0.008666667,0.025666667,0.017666667,0.25,0.257666667,0.239196795,0.239159867,0.205215592,0.230042153,0.247333333,0.126,0.012,0.012,0.013,0.014,0.013,1,1.97,1.25,3.49,2.15,4.91,3.27,1.57,1.62,1.5,0.079,0.029333333,0.108,0.111,0.114,0.143,0.383,0.488,0.325,0.447,0.52,0.257,0.37,0.462,0.1095,0.262666667,0.386,0.3135,Yes
J57xP20_30,susceptible,0.5,0.261,0.209048797,0.217915489,0.222879412,0.201680581,0.161,0.028333333,0.02,0.039666667,0.051666667,0.018666667,0.021,0.296,0.263634455,0.26811187,0.248409649,0.233547104,0.059333333,0.037333333,0.037,0.026333333,0.024666667,0.029333333,0.06,0.25,0.190666667,0.254479173,0.235025279,0.214195521,0.251108357,0.2,0.154666667,0.01,0.011,0.012,0.012,0.013333333,1,1.87,1.28,3.28,1.94,4.57,3.17,1.46,1.7,1.44,0.07,0.02,0.122,0.12,0.123,0.135,0.329,0.417,0.282,0.401,0.49,0.266,0.379,0.446,0.151666667,0.232,0.341333334,0.3225,Yes
J57xP20_31,susceptible,0.5,0.247666667,0.203827037,0.217976305,0.185749991,0.211973825,0.102666667,0.043333333,0.023,0.021,0.023,0.046666667,0.03,0.301333333,0.25575713,0.263105736,0.23492453,0.266478561,0.053,0.019666667,0.015666667,0.015,0.023666667,0.015,0.062333333,0.25,0.215,0.222390249,0.231261083,0.234560655,0.249367766,0.186666667,0.123666667,0.012,0.012,0.013,0.014,0.011,1,2.04,1.21,3.67,2.5,5.16,3.56,1.69,1.47,1.45,0.078,0.028333333,0.094,0.093,0.095,0.089,0.301,0.409,0.277,0.426,0.514,0.222,0.326,0.409,0.093666667,0.195,0.3515,0.273833334,Yes
J57xP20_32,susceptible,0.5,0.241,0.185642368,0.190341788,0.195869377,0.226210451,0.097333333,0.023,0.046333333,0.044666667,0.028,0.042,0.037333333,0.266,0.286384365,0.252615146,0.2871335,0.263217402,0.089666667,0.015,0.029666667,0.029666667,0.031333333,0.099,0.020666667,0.5,0.23,0.245439796,0.218481912,0.229105974,0.232560446,0.196666667,0.145666667,0.012,0.011,0.014,0.012666667,0.013333333,1,2.05,1.2,3.54,2.35,4.91,3.31,1.71,1.51,1.48,0.066,0.015666667,0.111,0.11,0.113,0.125,0.309,0.445,0.314,0.449,0.525,0.258,0.377,0.463,0.110666667,0.216666667,0.381333334,0.317333334,Yes
J57xP20_33,susceptible,0.5,0.255666667,0.197839742,0.191634942,0.212434738,0.209351032,0.116666667,0.025666667,0.026666667,0.073,0.039333333,0.068,0.043,0.278666667,0.270661758,0.24784063,0.265874312,0.24894601,0.03,0.027333333,0.018333333,0.088333333,0.032,0.032,0.015666667,0.25,0.238333333,0.220448738,0.241791487,0.218790088,0.228934691,0.192333333,0.095,0.012,0.012,0.014666667,0.014333333,0.014333333,1,1.96,1.18,3.53,2.25,4.99,3.04,1.65,1.57,1.64,0.083,0.033333333,0.063,0.062,0.063,0.075,0.263,0.373,0.242,0.38,0.453,0.201,0.304,0.397,0.062333334,0.168666667,0.310666667,0.252666667,No
J57xP20_34,resistant,>16,0.250333333,0.21348945,0.206621444,0.207410519,0.201134038,0.181333333,0.164,0.132,0.093666667,0.057,0.108666667,0.137,0.236333333,0.288437922,0.259288621,0.25641299,0.269704004,0.093666667,0.119,0.101333333,0.15,0.123666667,0.033,0.014,8,0.201666667,0.223642633,0.252049236,0.250456304,0.238829086,0.200333333,0.146,0.014,0.011,0.012,0.015,0.012,1,1.83,1.19,3.26,2.25,4.43,3.12,1.54,1.44,1.42,0.082,0.031666667,0.1,0.102,0.104,0.09,0.262,0.362,0.223,0.323,0.392,0.221,0.297,0.345,0.101333333,0.176,0.272833334,0.258666667,Yes
J57xP20_35,susceptible,0.5,0.273,0.204768368,0.194523865,0.197301853,0.18916845,0.115,0.027,0.027,0.031,0.023,0.025333333,0.03,0.289333333,0.276111379,0.25943204,0.24257314,0.267772823,0.029333333,0.027666667,0.018333333,0.015,0.032,0.007666667,0.015666667,0.25,0.280333333,0.241632907,0.224052913,0.244917772,0.210347025,0.194,0.135,0.015,0.015,0.014,0.013666667,0.011,1,1.95,1.2,3.51,2.29,4.93,2.96,1.62,1.53,1.67,0.088,0.038,0.091,0.091,0.092,0.104,0.312,0.41,0.288,0.42,0.501,0.216,0.309,0.393,0.091,0.208166667,0.354333333,0.262333334,No
J57xP20_36,susceptible,0.5,0.284,0.207333379,0.184238362,0.201570331,0.203169249,0.138,0.036,0.024,0.044,0.046,0.037,0.034,0.305666667,0.265995282,0.283768804,0.25972865,0.273167983,0.125333333,0.023,0.017,0.017,0.023,0.02,0.011,0.5,0.372333333,0.216435036,0.244590797,0.238948096,0.237768066,0.216,0.133333333,0.017,0.011,0.014,0.012,0.01,1,1.86,1.17,3.33,2.37,4.56,3.23,1.59,1.41,1.41,0.081,0.031,0.113,0.114,0.116,0.114,0.297,0.387,0.277,0.375,0.446,0.222,0.297,0.345,0.1135,0.205333334,0.325666667,0.2595,Yes
J57xP20_37,susceptible,0.5,0.277666667,0.198935091,0.185256916,0.185669529,0.203053149,0.111,0.034,0.029,0.009333333,0.010333333,0.009,0.010333333,0.303666667,0.268398407,0.263803464,0.259293156,0.251867772,0.017,0.02,0.027,0.016,0.016333333,0.016,0.016,0.25,0.270666667,0.22484413,0.246601062,0.225976788,0.23646664,0.219333333,0.177,0.013,0.011333333,0.013,0.017,0.01,1,1.87,1.25,3.39,2.57,4.91,3.23,1.49,1.32,1.52,0.085,0.035,0.052,0.052,0.056,0.054,0.192,0.287,0.209,0.324,0.4,0.206,0.301,0.383,0.051833334,0.123166667,0.2665,0.253833333,Yes
J57xP20_38,susceptible,0.5,0.262666667,0.212615806,0.209971302,0.183699976,0.198906583,0.069333333,0.011,0.084333333,0.008666667,0.021,0.021,0.021,0.258666667,0.239837459,0.269142193,0.237427371,0.256257035,0.094666667,0.016,0.092666667,0.027,0.025666667,0.006,0.008,0.5,0.240666667,0.235354561,0.233361771,0.232460287,0.236563896,0.185333333,0.114,0.013,0.012,0.013,0.013,0.011,1,1.84,1.19,3.42,2.41,4.85,3.07,1.55,1.42,1.58,0.086,0.035666667,0.067,0.067,0.068,0.06,0.198,0.286,0.208,0.316,0.388,0.177,0.253,0.309,0.066833334,0.128666667,0.262166667,0.215166667,Yes
J57xP20_39,susceptible,0.5,0.236333333,0.203100076,0.200010972,0.216862885,0.200509931,0.144666667,0.009666667,0.01,0.009,0.021,0.010666667,0.012,0.295666667,0.283391964,0.254373102,0.258346698,0.255010208,0.097666667,0.016,0.028,0.027,0.016,0.006,0.016333333,0.5,0.246,0.219717095,0.215045795,0.232084665,0.215604927,0.188,0.088666667,0.013333333,0.008,0.011333333,0.014,0.013,1,1.84,1.22,3.19,2.26,4.45,3.39,1.5,1.41,1.31,0.094,0.044,0.073,0.073,0.075,0.066,0.187,0.261,0.23,0.317,0.372,0.217,0.302,0.372,0.073,0.1265,0.273333334,0.259666667,Yes
J57xP20_40,susceptible,0.5,0.253333333,0.205711712,0.206504158,0.20990045,0.182132412,0.091,0.011333333,0.007666667,0.008,0.012,0.022,0.022,0.29,0.291065928,0.25430524,0.238353939,0.265290476,0.121,0.026666667,0.006,0.027,0.006,0.006,0.016333333,0.5,0.185,0.235533522,0.242895741,0.23548706,0.205568882,0.168333333,0.114,0.013333333,0.013,0.013,0.014,0.013,1,1.9,1.29,3.42,2.55,4.76,3.36,1.47,1.34,1.42,0.088,0.038333333,0.064,0.062,0.063,0.084,0.197,0.309,0.189,0.281,0.353,0.176,0.252,0.311,0.063,0.130833333,0.235333333,0.214,Yes
J57xP20_41,susceptible,0.5,0.243666667,0.206953965,0.195525899,0.199653903,0.208224825,0.119666667,0.012,0.008,0.008,0.016333333,0.017,0.016333333,0.274666667,0.249547613,0.250689174,0.274530544,0.248774116,0.129333333,0.005333333,0.006,0.016,0.016,0.006,0.016333333,0.5,0.177,0.229492348,0.222037236,0.229560987,0.239370008,0.184333333,0.082666667,0.012,0.011,0.012333333,0.013,0.014333333,1,1.74,1.16,3.52,1.98,5.04,2.85,1.5,1.78,1.77,0.087,0.037,0.068,0.068,0.069,0.078,0.241,0.322,0.268,0.392,0.463,0.213,0.296,0.361,0.068166667,0.159666667,0.33,0.254333334,No
J57xP20_42,susceptible,0.5,0.242666667,0.19183958,0.217861747,0.218307306,0.184469271,0.143,0.035,0.036,0.035333333,0.017333333,0.039333333,0.017333333,0.289,0.270483796,0.263410069,0.25748889,0.276409473,0.12,0.016,0.016,0.016,0.016,0.016,0.016333333,0.5,0.219333333,0.245167851,0.221296515,0.210112258,0.24144762,0.167,0.101666667,0.011,0.011,0.011,0.012,0.014,1,1.84,1.19,3.55,1.89,5.04,3.16,1.55,1.88,1.59,0.092,0.042,0.086,0.086,0.087,0.099,0.301,0.408,0.27,0.408,0.494,0.209,0.312,0.39,0.085833334,0.2,0.339,0.260333334,Yes
J57xP20_43,susceptible,0.5,0.222666667,0.212886756,0.21236105,0.197078415,0.194137195,0.100666667,0.097333333,0.013,0.038666667,0.078333333,0.024333333,0.035,0.279333333,0.256511658,0.255000047,0.262140554,0.253463863,0.092,0.007333333,0.016,0.029,0.030333333,0.016,0.016333333,0.5,0.186,0.238077272,0.22315977,0.214417877,0.244770508,0.151666667,0.149,0.011,0.011,0.013,0.013,0.014,1,1.75,1.18,3.25,2.02,4.51,3.16,1.48,1.61,1.43,0.092,0.041666667,0.121,0.124,0.125,0.141,0.352,0.453,0.328,0.448,0.521,0.275,0.37,0.442,0.1225,0.2465,0.388166667,0.322666667,Yes
J57xP20_44,susceptible,0.5,0.227,0.194484643,0.201298201,0.19307404,0.181798597,0.102,0.016,0.015,0.080666667,0.041666667,0.024,0.055666667,0.285333333,0.247858827,0.262542781,0.264931176,0.261922376,0.007,0.007333333,0.016,0.006666667,0.026,0.016,0.016333333,0.25,0.155,0.238901495,0.240361415,0.219849655,0.224379491,0.153666667,0.122666667,0.013,0.011,0.012333333,0.012666667,0.015,1,1.69,1.19,3.23,2.07,4.5,3.36,1.41,1.56,1.34,0.092,0.042,0.05,0.05,0.05,0.063,0.221,0.323,0.214,0.304,0.373,0.177,0.261,0.324,0.05,0.141666667,0.259333333,0.219333333,Yes
J57xP20_45,susceptible,0.5,0.226,0.216036283,0.208377734,0.206592092,0.197862789,0.062666667,0.107666667,0.015,0.013,0.119,0.044666667,0.028,0.267,0.250774391,0.27742636,0.269933392,0.247063385,0.112,0.040666667,0.028,0.018666667,0.026,0.016,0.016,0.5,0.182,0.219879562,0.225575172,0.229420473,0.244045621,0.148666667,0.102666667,0.013,0.007,0.014,0.014,0.012,1,1.73,1.14,3.14,1.73,4.48,3.11,1.51,1.81,1.44,0.099,0.049333333,0.172,0.175,0.178,0.128,0.294,0.386,0.303,0.391,0.445,0.244,0.328,0.367,0.173666667,0.211,0.346833334,0.286,Yes
J57xP20_46,susceptible,0.5,0.246666667,0.194280095,0.187344145,0.194049595,0.209637097,0.103333333,0.018,0.013,0.015,0.094,0.024,0.033333333,0.262,0.239702934,0.263782807,0.246562667,0.280891061,0.102,0.016,0.028666667,0.028333333,0.118333333,0.037,0.03,0.5,0.181666667,0.231702434,0.255612508,0.231457879,0.22503806,0.152,0.120333333,0.013,0.012,0.012,0.014,0.013333333,1,1.74,1.05,3.26,2.01,4.54,3.31,1.65,1.62,1.37,0.086,0.036,0.099,0.123,0.117,0.107,0.279,0.376,0.279,0.386,0.458,0.228,0.305,0.352,0.111,0.192666667,0.332666667,0.266833333,Yes
J57xP20_47,susceptible,0.5,0.201333333,0.194060971,0.198927817,0.186961826,0.197713892,0.076666667,0.023,0.018,0.035333333,0.037333333,0.033,0.121666667,0.237,0.26079967,0.27073266,0.252295596,0.262572456,0.049,0.029,0.028,0.027,0.027,0.033333333,0.013,0.5,0.223,0.235970108,0.241304688,0.235239527,0.226027557,0.149333333,0.105,0.014,0.014,0.012666667,0.013666667,0.01,1,1.84,1.21,3.31,1.92,4.6,3.25,1.53,1.72,1.42,0.095,0.045,0.068,0.069,0.069,0.068,0.221,0.31,0.239,0.328,0.419,0.178,0.264,0.349,0.0685,0.144166667,0.2835,0.220666667,Yes
J57xP20_48,susceptible,0.5,0.272333333,0.20075383,0.20162888,0.218128767,0.195493264,0.154,0.023333333,0.015,0.015,0.02,0.018666667,0.049666667,0.319333333,0.284299789,0.270820396,0.277894093,0.277435711,0.137666667,0.027,0.038666667,0.02,0.028,0.025,0.02,0.5,0.234666667,0.222802613,0.241796197,0.235572438,0.235521088,0.201,0.079333333,0.01,0.014,0.014,0.013,0.01,1,1.81,1.16,3.42,2.14,4.71,3.44,1.56,1.59,1.37,0.095,0.045333333,0.082,0.085,0.085,0.067,0.225,0.307,0.276,0.386,0.451,0.21,0.301,0.374,0.083333334,0.146,0.330833334,0.255333334,Yes
J57xP20_49,susceptible,0.5,0.218,0.198087188,0.210523233,0.206434054,0.198068001,0.063,0.015,0.015333333,0.016,0.007,0.008,0.008,0.249333333,0.227537101,0.268320363,0.261957064,0.266779463,0.019666667,0.017,0.017,0.017,0.008333333,0.008,0.008,0.25,0.249333333,0.242598996,0.221953623,0.239283743,0.241461911,0.209666667,0.183,0.108,0.012,0.013,0.013,0.011,2,1.72,1.13,3.24,2.29,4.41,3.31,1.53,1.41,1.33,0.099,0.049,0.128,0.128,0.129,0.167,0.415,0.507,0.335,0.423,0.498,0.293,0.375,0.428,0.127833334,0.291166667,0.378666667,0.334,No
J57xP20_50,susceptible,0.5,0.267333333,0.201643521,0.203645653,0.200660624,0.215853407,0.064333333,0.008666667,0.011,0.010666667,0.01,0.008666667,0.009333333,0.268,0.267888186,0.263585148,0.243515462,0.248555305,0.008666667,0.014666667,0.014,0.015,0.029666667,0.015,0.014333333,0.25,0.266,0.229802256,0.226904552,0.230150101,0.228491936,0.19,0.174,0.131333333,0.012333333,0.013,0.014333333,0.010333333,2,1.85,1.2,3.41,2.17,4.93,2.96,1.54,1.57,1.66,0.088,0.038,0.101,0.102,0.102,0.089,0.294,0.393,0.262,0.394,0.533,0.287,0.383,0.573,0.101666667,0.1915,0.328166667,0.334833334,Yes
J57xP20_51,susceptible,0.5,0.281333333,0.188147124,0.203428759,0.192245713,0.209059413,0.112,0.011,0.013,0.009666667,0.007666667,0.007,0.013,0.282666667,0.259748505,0.226615632,0.26532777,0.261943909,0.019666667,0.015666667,0.015666667,0.015,0.009,0.015,0.014333333,0.25,0.229,0.240639979,0.229491781,0.218491602,0.219094459,0.159666667,0.163,0.093666667,0.012,0.012,0.014,0.013,2,1.85,1.29,3.45,2.15,4.56,3.21,1.43,1.6,1.42,0.076,0.026,0.07,0.071,0.072,0.075,0.291,0.39,0.234,0.359,0.44,0.256,0.369,0.455,0.0705,0.183333333,0.296666667,0.312666667,Yes
J57xP20_52,susceptible,0.5,0.223333333,0.207471784,0.208025957,0.203679447,0.204995301,0.136333333,0.013,0.009,0.012666667,0.008666667,0.016333333,0.008,0.257,0.244238548,0.271972727,0.283995083,0.237894414,0.106,0.014,0.016333333,0.016333333,0.009,0.008,0.008,0.5,0.194,0.226507591,0.236441641,0.226617178,0.223214339,0.179,0.153,0.115333333,0.012,0.014,0.013,0.014666667,2,1.99,1.28,3.59,2.15,5.06,3.26,1.56,1.67,1.55,0.082,0.031666667,0.084,0.083,0.084,0.079,0.263,0.355,0.258,0.359,0.428,0.223,0.302,0.363,0.083333334,0.171166667,0.308666667,0.2625,Yes
J57xP20_53,susceptible,0.5,0.244666667,0.213687093,0.186654748,0.207924262,0.183064253,0.125,0.008,0.008,0.008333333,0.018333333,0.018333333,0.019,0.257666667,0.261272235,0.245198802,0.257483766,0.256371748,0.1,0.013666667,0.029333333,0.037666667,0.011,0.014,0.014666667,0.5,0.21,0.221760694,0.22799049,0.218626907,0.2236176,0.200666667,0.163666667,0.126333333,0.011,0.013,0.013,0.014,2,1.91,1.27,3.39,2.11,4.61,2.84,1.51,1.6,1.62,0.087,0.036666667,0.072,0.074,0.075,0.088,0.279,0.369,0.219,0.315,0.388,0.212,0.315,0.405,0.073166667,0.1835,0.267166667,0.2635,Yes
J57xP20_54,susceptible,0.5,0.237333333,0.189215545,0.188769144,0.188658558,0.188094303,0.106333333,0.022,0.018,0.018,0.018,0.007,0.008666667,0.262,0.273485747,0.262714274,0.252230109,0.255282689,0.031333333,0.013666667,0.013,0.013666667,0.014,0.014,0.014666667,0.25,0.203666667,0.242041723,0.221981008,0.22595291,0.241737921,0.169,0.174333333,0.115666667,0.012,0.011333333,0.012,0.013,2,1.94,1.25,3.64,1.99,5.11,2.98,1.55,1.83,1.71,0.08,0.03,0.088,0.09,0.091,0.088,0.299,0.412,0.25,0.374,0.456,0.236,0.345,0.416,0.088833334,0.193833333,0.311833334,0.290333334,Yes
J57xP20_55,susceptible,0.5,0.243,0.2083476,0.219186557,0.201559954,0.217102991,0.103,0.022666667,0.098333333,0.04,0.028333333,0.064,0.032,0.256,0.2665852,0.250828505,0.244675126,0.248992997,0.075333333,0.014333333,0.015,0.033666667,0.017,0.019666667,0.019,0.5,0.248666667,0.241994092,0.227470904,0.226988425,0.226328782,0.197666667,0.283,0.123666667,0.012,0.012,0.012,0.013333333,2,1.86,1.22,3.32,1.94,4.66,2.86,1.53,1.71,1.63,0.091,0.041,0.08,0.083,0.084,0.097,0.28,0.367,0.23,0.322,0.395,0.243,0.337,0.413,0.081666667,0.188333334,0.276166667,0.290333333,Yes
J57xP20_56,susceptible,0.5,0.239666667,0.195711213,0.193079621,0.212009855,0.190365994,0.098,0.026666667,0.027,0.033333333,0.045666667,0.103,0.036666667,0.210666667,0.268206137,0.254354459,0.267559045,0.246993719,0.075333333,0.015333333,0.028333333,0.074666667,0.071,0.018,0.036,0.5,0.211,0.222542557,0.23627022,0.241673313,0.226216233,0.163,0.138,0.098666667,0.011,0.013,0.012,0.015,2,1.76,1.25,3.26,2.1,4.44,3.15,1.41,1.55,1.41,0.08,0.03,0.112,0.114,0.115,0.138,0.348,0.448,0.271,0.37,0.455,0.196,0.263,0.329,0.113,0.243,0.3205,0.229333334,Yes
J57xP20_57,susceptible,0.5,0.237666667,0.201730666,0.18753559,0.192980743,0.192350314,0.100333333,0.037666667,0.024333333,0.038666667,0.039666667,0.068666667,0.025,0.246,0.272686877,0.258278105,0.241265961,0.240853666,0.092666667,0.018666667,0.018,0.016,0.017,0.028,0.012,0.5,0.213333333,0.238447664,0.245474703,0.23538394,0.230412749,0.179,0.165,0.086333333,0.02,0.013,0.014,0.009,2,1.99,1.26,3.72,2.57,5.05,3.25,1.57,1.45,1.55,0.092,0.042,0.098,0.099,0.102,0.123,0.331,0.452,0.282,0.401,0.46,0.232,0.322,0.394,0.0985,0.227166667,0.341833333,0.304166667,No
J57xP20_58,susceptible,0.5,0.248333333,0.191689016,0.215777874,0.205555305,0.189367375,0.11,0.032,0.026,0.069,0.023,0.023333333,0.028,0.243666667,0.255539176,0.279631329,0.246110229,0.250367525,0.073,0.015,0.017,0.018,0.018,0.015,0.011,0.5,0.191,0.238784733,0.237058703,0.221229996,0.229749762,0.187,0.175,0.118666667,0.011,0.012,0.012,0.012,2,1.94,1.22,3.37,2.01,4.66,2.89,1.58,1.68,1.61,0.092,0.042333333,0.11,0.112,0.119,0.112,0.312,0.404,0.266,0.369,0.449,0.198,0.279,0.352,0.111333333,0.211666667,0.317333334,0.238666667,No
J57xP20_59,susceptible,0.5,0.236333333,0.19377886,0.203431596,0.189954655,0.204464986,0.127666667,0.04,0.021,0.029666667,0.018666667,0.033666667,0.031333333,0.248,0.262389801,0.261217512,0.269538626,0.25110463,0.069,0.018,0.025666667,0.014666667,0.017666667,0.015,0.01,0.5,0.223333333,0.224110831,0.224224621,0.226892789,0.216205693,0.139666667,0.117666667,0.124666667,0.112666667,0.016,0.014,0.011,4,2.04,1.35,3.61,2.4,4.67,3.4,1.51,1.5,1.37,0.093,0.042666667,0.067,0.068,0.069,0.067,0.218,0.295,0.206,0.299,0.357,0.196,0.28,0.341,0.0675,0.142666667,0.2525,0.238166667,No
J57xP20_60,susceptible,0.5,0.325333333,0.198388086,0.189996283,0.187393706,0.213876289,0.135333333,0.019,0.018,0.089,0.031666667,0.027333333,0.028,0.282,0.268835911,0.2583517,0.240983791,0.269540014,0.087,0.039666667,0.016,0.045,0.016,0.02,0.011,0.5,0.292333333,0.221894185,0.229250314,0.241076871,0.234826582,0.232,0.261666667,0.150666667,0.013,0.015,0.011,0.011,2,2.18,1.38,3.59,2.25,4.74,3.19,1.58,1.6,1.49,0.089,0.038666667,0.094,0.095,0.096,0.075,0.23,0.312,0.238,0.356,0.441,0.217,0.316,0.399,0.0945,0.152833333,0.297,0.266666667,Yes
J57xP20_61,susceptible,0.5,0.295,0.188159986,0.210268052,0.20473297,0.199611671,0.187,0.027,0.02,0.018666667,0.018,0.018,0.018,0.301666667,0.251229233,0.28138741,0.272626774,0.259689443,0.041,0.017333333,0.018,0.018,0.017,0.016666667,0.026333333,0.25,0.275333333,0.216646883,0.230509564,0.219046859,0.240526358,0.262333333,0.238666667,0.214666667,0.243,0.013,0.012,0.01,4,1.83,1.12,3.54,2.37,4.88,3.42,1.63,1.5,1.43,0.087,0.036666667,0.082,0.083,0.084,0.087,0.252,0.328,0.215,0.299,0.366,0.194,0.267,0.328,0.082166667,0.169333334,0.257,0.2305,Yes
J57xP20_62,susceptible,0.5,0.262,0.194625444,0.19961716,0.207282384,0.192502093,0.16,0.018,0.017666667,0.022333333,0.022,0.02,0.022,0.25,0.282876837,0.240794419,0.243871596,0.249715805,0.035333333,0.017333333,0.007666667,0.027,0.017,0.016666667,0.026333333,0.25,0.217666667,0.217091916,0.242381282,0.228854775,0.243228905,0.18,0.175,0.184666667,0.155,0.012,0.014,0.01,4,1.81,1.21,3.43,2.16,4.9,3.01,1.49,1.59,1.63,0.094,0.043666667,0.079,0.081,0.078,0.067,0.187,0.259,0.25,0.378,0.459,0.23,0.351,0.442,0.079666667,0.127166667,0.314333333,0.290833333,Yes
J57xP20_63,susceptible,0.5,0.250666667,0.190700682,0.224428353,0.195747036,0.198011759,0.139333333,0.022,0.02,0.018666667,0.018,0.015,0.015,0.239333333,0.270124083,0.261125802,0.271013694,0.263941223,0.027,0.024666667,0.027,0.007666667,0.04,0.007,0.007,0.25,0.220333333,0.216677642,0.239957019,0.227159048,0.236240283,0.174333333,0.146666667,0.163666667,0.143,0.012666667,0.013,0.012,4,1.75,1.22,3.25,2.16,4.69,3.29,1.43,1.51,1.43,0.086,0.036333333,0.073,0.074,0.076,0.067,0.194,0.266,0.208,0.285,0.332,0.194,0.294,0.37,0.073666667,0.130333334,0.2465,0.244333333,Yes
J57xP20_64,resistant,2,0.251333333,0.206998491,0.191388239,0.188422466,0.206553495,0.107,0.078333333,0.230333333,0.015,0.006,0.004,0.016666667,0.277333333,0.239440268,0.250022728,0.276883759,0.25888425,0.19,0.175333333,0.156,0.096666667,0.017666667,0.017,0.017333333,4,0.191666667,0.230077062,0.221629513,0.227843694,0.219016344,0.191333333,0.170333333,0.158333333,0.148666667,0.013,0.014,0.013,4,1.83,1.24,3.47,2.27,4.7,3.31,1.47,1.53,1.42,0.082,0.032,0.065,0.066,0.066,0.062,0.262,0.365,0.173,0.259,0.321,0.18,0.252,0.307,0.0655,0.1245,0.216,0.216166667,Yes
J57xP20_65,susceptible,0.5,0.272,0.188584646,0.198428454,0.185222479,0.213185164,0.126333333,0.018,0.025,0.012333333,0.009,0.009,0.010666667,0.238,0.276402629,0.26710745,0.278972957,0.271961497,0.087666667,0.020333333,0.021,0.021,0.091333333,0.105,0.112333333,0.5,0.206,0.247017092,0.217499044,0.215123978,0.222843675,0.158333333,0.138,0.143666667,0.149333333,0.012666667,0.013666667,0.013,4,1.78,1.15,3.34,2.17,4.54,3.13,1.55,1.54,1.45,0.079,0.029333333,0.091,0.091,0.091,0.097,0.241,0.337,0.224,0.314,0.379,0.209,0.309,0.364,0.090833334,0.168833334,0.269333333,0.228,No
J57xP20_66,susceptible,0.5,0.238,0.208221798,0.2049566,0.208698607,0.199052933,0.11,0.009,0.018,0.018,0.013,0.011333333,0.009,0.254666667,0.276464675,0.263567632,0.271921394,0.283902971,0.131,0.029666667,0.017,0.009333333,0.017,0.018,0.017333333,0.5,0.234666667,0.229049521,0.234799108,0.240216205,0.222155855,0.185333333,0.178666667,0.149333333,0.21,0.011,0.011333333,0.013,4,1.71,1.14,3.26,2.14,4.54,3,1.5,1.53,1.51,0.077,0.027333333,0.105,0.107,0.108,0.092,0.262,0.341,0.217,0.324,0.404,0.247,0.333,0.393,0.105833334,0.177166667,0.270833333,0.290166667,No
J57xP20_67,susceptible,0.5,0.233333333,0.199941045,0.197187414,0.206011548,0.199448009,0.098,0.027,0.050666667,0.035,0.029333333,0.099,0.033666667,0.195,0.267537823,0.252242802,0.236612265,0.266546369,0.063,0.017,0.017,0.077666667,0.030333333,0.016,0.015,0.5,0.175,0.228103998,0.229926554,0.228869962,0.231510828,0.158333333,0.166666667,0.129,0.136,0.012,0.012333333,0.012,4,1.56,1.19,3.19,2.13,4.55,3.16,1.32,1.5,1.44,0.076,0.026333333,0.081,0.084,0.084,0.09,0.236,0.339,0.228,0.311,0.375,0.187,0.256,0.329,0.082166667,0.163166667,0.269666667,0.221833333,No
J57xP20_68,resistant,>16,0.261666667,0.194905128,0.194399465,0.178888827,0.205082324,0.139666667,0.157666667,0.130333333,0.094333333,0.102333333,0.082666667,0.099,0.209333333,0.26456975,0.230569536,0.251081863,0.238282427,0.138666667,0.111,0.083333333,0.107666667,0.115666667,0.014666667,0.015,8,0.191,0.235359382,0.212557347,0.226575388,0.225670933,0.169666667,0.140666667,0.168333333,0.202,0.013,0.011333333,0.013,4,1.85,1.15,3.5,2.31,4.73,3.25,1.61,1.51,1.45,0.082,0.031666667,0.073,0.075,0.075,0.064,0.191,0.282,0.185,0.275,0.337,0.174,0.247,0.311,0.074,0.127333334,0.230166667,0.210333334,Yes
J57xP20_69,susceptible,0.5,0.239666667,0.205993129,0.196371937,0.20006386,0.203187397,0.091,0.035666667,0.03,0.108666667,0.058666667,0.036666667,0.036666667,0.209333333,0.242839142,0.247020475,0.245085764,0.2544732,0.093,0.015,0.017333333,0.018,0.028333333,0.02,0.018,0.5,0.238,0.226036667,0.244644779,0.229671824,0.231290516,0.169666667,0.183,0.149333333,0.127666667,0.014,0.013,0.013,4,1.79,1.21,3.45,2.4,4.68,3.59,1.48,1.44,1.3,0.079,0.029333333,0.062,0.063,0.063,0.06,0.173,0.24,0.231,0.326,0.398,0.213,0.315,0.405,0.0625,0.116333334,0.278666667,0.264,Yes
J57xP20_70,susceptible,0.5,0.234,0.197002755,0.186549735,0.190367865,0.204912713,0.093333333,0.025,0.017666667,0.024,0.024,0.120333333,0.018666667,0.192666667,0.245206126,0.252280839,0.272644799,0.262034561,0.061666667,0.02,0.02,0.020333333,0.014,0.112666667,0.013,0.5,0.164,0.235480168,0.248802498,0.218597979,0.22614007,0.178,0.163333333,0.168666667,0.143666667,0.011,0.013,0.01,4,2.06,1.26,3.77,2.46,5.09,3.06,1.63,1.53,1.67,0.08,0.030333333,0.078,0.077,0.078,0.076,0.244,0.337,0.241,0.357,0.417,0.21,0.296,0.358,0.0775,0.16,0.298833334,0.253,Yes
J57xP20_71,susceptible,0.5,0.232,0.191134468,0.191131528,0.214687805,0.196189844,0.074,0.022,0.079,0.035,0.023,0.033333333,0.024333333,0.235,0.258377123,0.253799929,0.265440738,0.248769423,0.058,0.023,0.017666667,0.02,0.030333333,0.016,0.011,0.5,0.249666667,0.240284366,0.217395054,0.225696929,0.233810579,0.153,0.163,0.144,0.141333333,0.014,0.013,0.01,4,1.95,1.3,3.54,2.26,4.64,3.27,1.5,1.57,1.42,0.089,0.038666667,0.11,0.11,0.111,0.105,0.261,0.352,0.28,0.358,0.417,0.259,0.335,0.395,0.11,0.183,0.319166667,0.297333333,Yes
J57xP20_72,susceptible,0.5,0.265,0.204129858,0.198942041,0.203284288,0.201343907,0.09,0.014,0.014,0.023,0.025,0.023,0.072333333,0.274666667,0.268467076,0.273419098,0.285632678,0.248073718,0.052666667,0.018,0.016,0.016,0.014,0.015,0.013,0.5,0.264666667,0.237423522,0.215906232,0.230028339,0.229270107,0.193666667,0.182666667,0.197666667,0.18,0.013333333,0.011,0.010333333,4,1.84,1.21,3.4,2.38,4.47,3.48,1.53,1.43,1.29,0.082,0.032333333,0.124,0.127,0.124,0.153,0.375,0.484,0.289,0.384,0.451,0.356,0.464,0.468,0.125166667,0.263833334,0.336333334,0.409833334,Yes
J57xP20_73,susceptible,0.5,0.279,0.184634288,0.198892925,0.194794847,0.188079698,0.181333333,0.022,0.017,0.017,0.017,0.018666667,0.019,0.291,0.26372643,0.261530967,0.252109732,0.25119173,0.013,0.013,0.007666667,0.011666667,0.012,0.012,0.087,0.25,0.261666667,0.239949024,0.241657031,0.234054445,0.219605629,0.269666667,0.230666667,0.011,0.011,0.013,0.012,0.01,1,1.91,1.26,3.51,2.26,4.74,3.21,1.51,1.55,1.47,0.083,0.032666667,0.157,0.157,0.157,0.159,0.4,0.519,0.267,0.411,0.458,0.327,0.407,0.45,0.194333333,0.279833333,0.338833334,0.366666667,No
J57xP20_74,susceptible,0.5,0.293666667,0.201799079,0.20906326,0.202598505,0.202928482,0.105666667,0.019,0.008,0.008,0.008,0.008,0.008,0.240333333,0.244589269,0.242825134,0.240985277,0.235362524,0.012,0.028333333,0.028,0.082333333,0.016666667,0.025333333,0.019,0.25,0.330333333,0.220136531,0.236124924,0.227369168,0.22096893,0.168666667,0.149,0.012,0.013,0.013,0.013,0.012,1,2,1.15,3.74,2.2,5.12,3.03,1.74,1.7,1.69,0.075,0.025,0.097,0.098,0.098,0.124,0.386,0.508,0.319,0.475,0.539,0.3,0.403,0.49,0.097833333,0.255166667,0.396833334,0.3515,No
J57xP20_75,susceptible,0.5,0.27,0.214136026,0.203367972,0.193377425,0.212474241,0.134666667,0.036333333,0.025666667,0.025,0.033,0.024,0.031,0.354666667,0.253114205,0.262562192,0.249186067,0.271184126,0.02,0.028333333,0.017,0.017,0.016666667,0.028333333,0.019,0.25,0.181666667,0.236451607,0.24554002,0.225158704,0.237500949,0.150333333,0.157333333,0.034,0.013,0.012,0.014333333,0.015,1,1.99,1.23,3.7,2.1,5.05,2.74,1.62,1.76,1.85,0.073,0.023,0.088,0.09,0.092,0.1,0.309,0.424,0.235,0.331,0.386,0.249,0.347,0.411,0.088666667,0.204333334,0.283333333,0.297833334,Yes
J57xP20_76,susceptible,0.5,0.239333333,0.209447091,0.198296734,0.204347779,0.189405852,0.093,0.030333333,0.018333333,0.02,0.008666667,0.009,0.009666667,0.233,0.269559346,0.260459345,0.282263673,0.244484194,0.058,0.029333333,0.027666667,0.03,0.017333333,0.017,0.017,0.25,0.211666667,0.234531352,0.216428109,0.227936483,0.231640491,0.137333333,0.153,0.012,0.012,0.014,0.013666667,0.014,1,2.01,1.22,3.89,2.33,5.22,2.92,1.64,1.67,1.79,0.069,0.019,0.114,0.117,0.118,0.098,0.321,0.432,0.248,0.355,0.416,0.26,0.354,0.416,0.1155,0.2095,0.301166667,0.307166667,Yes
J57xP20_77,susceptible,0.5,0.219666667,0.202502855,0.183410677,0.190970494,0.199834782,0.079666667,0.009,0.010666667,0.012666667,0.011,0.014,0.012,0.269,0.271691108,0.271318736,0.269630727,0.239007597,0.017,0.017,0.017,0.009666667,0.01,0.01,0.01,0.25,0.184333333,0.223669809,0.238639036,0.242981656,0.231658361,0.196666667,0.157666667,0.014,0.012,0.013,0.015,0.015,1,1.94,1.26,3.6,2.48,4.82,3.28,1.54,1.45,1.47,0.078,0.027666667,0.087,0.089,0.092,0.075,0.21,0.289,0.181,0.253,0.31,0.198,0.26,0.321,0.088,0.142333334,0.216833334,0.229333333,Yes
J57xP20_78,susceptible,0.5,0.252666667,0.185586616,0.222433578,0.198768928,0.182012555,0.082,0.018,0.006,0.006,0.03,0.006666667,0.029,0.226333333,0.268603818,0.249299463,0.271672287,0.287802419,0.028,0.029666667,0.009,0.009666667,0.01,0.007,0.007666667,0.25,0.230666667,0.233866325,0.235175075,0.217096602,0.236878981,0.167333333,0.125666667,0.011,0.011,0.012,0.012,0.014,1,1.99,1.29,3.56,2.42,4.59,2.95,1.55,1.47,1.56,0.066,0.016333333,0.071,0.071,0.073,0.082,0.257,0.34,0.22,0.3,0.367,0.224,0.292,0.46,0.071,0.1695,0.26,0.258,Yes
J57xP20_79,susceptible,0.5,0.244333333,0.199897473,0.205956048,0.215678362,0.205635453,0.073,0.041,0.017666667,0.031666667,0.079666667,0.040333333,0.065666667,0.242,0.261679102,0.245751962,0.26934714,0.266837523,0.009666667,0.01,0.010333333,0.016,0.017,0.028,0.013,0.25,0.256333333,0.231810026,0.235373855,0.221603824,0.225872213,0.159666667,0.145,0.011,0.012,0.013,0.013333333,0.014,1,2.11,1.39,3.67,2.4,4.74,3.24,1.52,1.53,1.46,0.081,0.030666667,0.076,0.078,0.08,0.066,0.21,0.29,0.172,0.255,0.319,0.256,0.376,0.475,0.077,0.137666667,0.2135,0.236,Yes
J57xP20_80,susceptible,0.5,0.248666667,0.207153467,0.198228625,0.182090585,0.204373851,0.085,0.014666667,0.015,0.065,0.037666667,0.021,0.087,0.24,0.23802804,0.249060232,0.259148168,0.274315588,0.028,0.018,0.018,0.012,0.021,0.018,0.016666667,0.25,0.215,0.23746272,0.244469522,0.238259813,0.227943752,0.156666667,0.156333333,0.013,0.012,0.013,0.013,0.015,1,1.96,1.15,3.78,2.19,5.31,3.21,1.71,1.72,1.66,0.068,0.018333333,0.089,0.086,0.089,0.077,0.27,0.375,0.194,0.305,0.356,0.212,0.3,0.367,0.087666667,0.173833333,0.198333333,0.256,Yes
J57xP20_81,susceptible,0.5,0.252,0.209077651,0.192432715,0.192569903,0.193094577,0.081,0.018,0.019,0.024,0.110333333,0.119333333,0.032,0.237,0.2620938,0.254511478,0.257252789,0.273008407,0.018,0.027666667,0.027,0.016,0.015,0.016,0.013,0.25,0.238,0.219823995,0.21016718,0.230080786,0.244782477,0.143666667,0.149333333,0.013,0.012,0.013666667,0.014,0.014,1,1.89,1.14,3.43,2.22,4.86,3.21,1.66,1.54,1.52,0.083,0.033333333,0.086,0.087,0.089,0.093,0.287,0.376,0.192,0.288,0.364,0.224,0.301,0.383,0.086666667,0.19,0.24,0.262333334,No
J57xP20_82,susceptible,0.5,0.236,0.202449807,0.178941774,0.194498197,0.206155488,0.087666667,0.021666667,0.015,0.013,0.110333333,0.034333333,0.064333333,0.233,0.258856563,0.271095718,0.232596529,0.25012792,0.026666667,0.011333333,0.013,0.017,0.015,0.016,0.015,0.25,0.222333333,0.245486823,0.207329529,0.225386506,0.229160893,0.177333333,0.142333333,0.014,0.011,0.012,0.014,0.011,1,1.86,1.25,3.44,2.27,4.64,3.19,1.49,1.51,1.46,0.073,0.023,0.112,0.113,0.115,0.124,0.332,0.42,0.26,0.349,0.432,0.209,0.27,0.338,0.112666667,0.215333334,0.304833333,0.239333334,No
J57xP20_83,susceptible,0.5,0.239666667,0.177783999,0.191452281,0.209655106,0.198000877,0.107333333,0.019,0.017,0.014,0.035,0.021666667,0.026333333,0.270666667,0.259119089,0.249273038,0.265404763,0.244553586,0.045,0.019333333,0.021333333,0.019,0.014,0.022,0.016,0.5,0.292,0.250665915,0.21424902,0.232075565,0.238740754,0.164666667,0.152666667,0.013,0.018,0.012,0.013,0.01,1,1.94,1.26,3.59,2.3,4.95,3.33,1.54,1.56,1.49,0.084,0.034,0.091,0.093,0.095,0.094,0.26,0.36,0.257,0.372,0.46,0.189,0.29,0.393,0.092333333,0.177166667,0.314666667,0.239166667,Yes
J57xP20_84,susceptible,0.5,0.252666667,0.198958779,0.208892095,0.202862887,0.192266543,0.164333333,0.013666667,0.016,0.092666667,0.015,0.024,0.017,0.279333333,0.25819543,0.271689732,0.244260584,0.26826346,0.019333333,0.02,0.02,0.019,0.017,0.015,0.01,0.25,0.294666667,0.227252246,0.248424508,0.236928011,0.243777537,0.264333333,0.193,0.011,0.014,0.012666667,0.01,0.012333333,1,1.79,1.12,3.32,2.34,4.61,3.07,1.6,1.42,1.5,0.074,0.024333333,0.11,0.11,0.113,0.118,0.312,0.395,0.24,0.328,0.403,0.192,0.262,0.341,0.110166667,0.215333333,0.284,0.226833334,Yes
J57xP20_85,susceptible,0.5,0.259333333,0.195507039,0.193615549,0.213168165,0.181669904,0.165,0.017,0.018,0.017666667,0.022,0.009,0.018666667,0.314,0.240502255,0.257109013,0.240906646,0.242492625,0.017,0.018,0.018,0.019,0.017333333,0.018,0.017,0.25,0.296333333,0.217028485,0.222236767,0.212328168,0.244735196,0.281,0.205666667,0.011,0.013,0.013,0.013,0.011,1,1.76,1.13,3.57,2.27,4.96,2.56,1.56,1.57,1.93,0.082,0.032333333,0.115,0.116,0.12,0.123,0.304,0.39,0.226,0.306,0.363,0.22,0.295,0.375,0.1155,0.2135,0.266166667,0.257666667,Yes
J57xP20_86,susceptible,0.5,0.237333333,0.205406592,0.17369769,0.202255373,0.199042721,0.157,0.018,0.018,0.018,0.028333333,0.038,0.027,0.241333333,0.260364168,0.2406188,0.268474438,0.251354944,0.020333333,0.018,0.018,0.028666667,0.017333333,0.018,0.017,0.25,0.297333333,0.246821595,0.228658573,0.22984035,0.214871312,0.180666667,0.156,0.013,0.013,0.014,0.013666667,0.011333333,1,1.92,1.25,3.49,2.21,4.63,3.13,1.53,1.57,1.48,0.082,0.032,0.106,0.106,0.109,0.118,0.316,0.403,0.26,0.344,0.415,0.211,0.286,0.352,0.106166667,0.217333333,0.301666667,0.248833333,Yes
J57xP20_87,susceptible,0.5,0.233666667,0.217202666,0.198093673,0.202356155,0.183645067,0.112,0.038,0.026,0.017,0.007666667,0.017,0.017,0.286,0.254203139,0.274975127,0.251676061,0.243512562,0.018,0.026666667,0.028,0.008333333,0.008,0.028,0.028,0.25,0.271,0.254347132,0.237472089,0.223388483,0.242542405,0.162333333,0.117666667,0.014,0.012,0.012,0.015666667,0.013,1,1.94,1.28,3.44,2.16,4.68,3.19,1.52,1.59,1.47,0.074,0.024,0.06,0.061,0.062,0.062,0.221,0.303,0.174,0.252,0.333,0.194,0.279,0.366,0.060333334,0.141166667,0.212833334,0.236666667,Yes
J57xP20_88,susceptible,0.5,0.246,0.196617367,0.203126354,0.206156536,0.210353883,0.092,0.047,0.009,0.009666667,0.026,0.01,0.01,0.264666667,0.255006061,0.259065011,0.237066788,0.254897546,0.018666667,0.017,0.017,0.017,0.017,0.017,0.017,0.25,0.256,0.243639158,0.233832979,0.232010629,0.219600774,0.154,0.119666667,0.012,0.011,0.014,0.014,0.014,1,1.93,1.21,3.74,2.43,5.08,3.36,1.6,1.54,1.51,0.073,0.023,0.128,0.127,0.127,0.119,0.339,0.458,0.241,0.348,0.414,0.221,0.316,0.413,0.1275,0.229,0.294333334,0.2685,Yes
J57xP20_89,susceptible,0.5,0.305,0.185312207,0.204304085,0.20283775,0.198326778,0.077333333,0.012333333,0.008666667,0.013,0.023,0.023,0.013,0.221333333,0.252979935,0.257996279,0.263428079,0.263482486,0.017,0.016666667,0.009666667,0.017,0.01,0.009666667,0.009,0.25,0.240333333,0.232550192,0.241208792,0.239579821,0.238315233,0.155,0.156333333,0.012,0.012,0.012,0.015,0.011,1,1.98,1.25,3.77,2.49,5.06,2.95,1.58,1.51,1.72,0.076,0.026,0.146,0.147,0.151,0.143,0.339,0.428,0.26,0.342,0.401,0.194,0.268,0.328,0.1465,0.240833334,0.301,0.230833334,No
J57xP20_90,susceptible,0.5,0.258666667,0.187860991,0.197789241,0.209625642,0.203337089,0.058666667,0.023666667,0.009,0.017666667,0.017,0.018,0.018,0.283666667,0.26481357,0.25770006,0.255432758,0.2488834,0.009666667,0.016333333,0.027666667,0.017,0.016333333,0.016333333,0.016,0.25,0.217,0.222153211,0.248502093,0.24046837,0.245709034,0.126333333,0.239333333,0.008,0.011,0.012,0.012,0.013,1,1.91,1.34,3.45,2.59,4.56,3.39,1.43,1.33,1.34,0.079,0.029,0.089,0.091,0.091,0.084,0.283,0.39,0.199,0.283,0.347,0.182,0.242,0.293,0.09,0.183833333,0.241166667,0.212166667,Yes
J57xP20_91,susceptible,0.5,0.254333333,0.191316092,0.209591914,0.196538938,0.203138075,0.078,0.033666667,0.028,0.036,0.033,0.124,0.045333333,0.264,0.267173182,0.244906979,0.243020436,0.274810581,0.059666667,0.02,0.016666667,0.021,0.027,0.017,0.019333333,0.25,0.246333333,0.22399473,0.228110229,0.248963329,0.219112233,0.146333333,0.155,0.012,0.012,0.013,0.014,0.014,1,1.88,1.19,3.56,2.57,4.74,3.46,1.59,1.38,1.37,0.074,0.023666667,0.086,0.086,0.089,0.106,0.309,0.408,0.209,0.3,0.37,0.192,0.282,0.362,0.086,0.207166667,0.254833333,0.237333333,Yes
J57xP20_92,susceptible,0.5,0.257,0.21423399,0.180747778,0.200839544,0.191718081,0.091,0.035,0.111333333,0.033333333,0.027,0.093666667,0.101333333,0.275333333,0.285728768,0.238123781,0.260617394,0.263307729,0.059666667,0.016666667,0.016666667,0.017,0.016333333,0.017,0.016333333,0.25,0.258,0.245062263,0.231482448,0.232899354,0.237056632,0.151,0.112666667,0.013,0.012,0.012,0.013,0.015,1,1.91,1.23,3.64,2.45,5.11,3,1.55,1.48,1.7,0.073,0.023,0.099,0.099,0.101,0.08,0.232,0.305,0.195,0.273,0.328,0.19,0.266,0.351,0.099166667,0.156,0.233833334,0.227833334,Yes
J57xP20_93,susceptible,0.5,0.272,0.198151258,0.198046956,0.191672718,0.198502124,0.091,0.034333333,0.032333333,0.038333333,0.026,0.122,0.079666667,0.263666667,0.232471417,0.287952743,0.256359354,0.252656615,0.016666667,0.015,0.015,0.047333333,0.015,0.024,0.038,0.25,0.253333333,0.231198866,0.227086558,0.242235109,0.224504625,0.14,0.117,0.013,0.012,0.013,0.014,0.015,1,1.83,1.19,3.34,2.27,4.59,2.84,1.54,1.47,1.62,0.067,0.017333333,0.079,0.08,0.082,0.094,0.262,0.344,0.243,0.322,0.393,0.19,0.272,0.373,0.079666667,0.178333333,0.282333334,0.231,Yes
J57xP20_94,susceptible,0.5,0.257666667,0.194522356,0.202265545,0.198561167,0.207155738,0.110666667,0.026,0.029,0.029,0.029,0.026,0.074,0.242,0.266913225,0.280038126,0.263362657,0.272070375,0.015,0.015666667,0.007666667,0.025,0.026,0.043333333,0.019,0.25,0.273333333,0.225938304,0.236973483,0.240127863,0.216645829,0.161,0.115,0.014,0.011,0.013,0.013666667,0.014,1,1.83,1.2,3.37,2.26,4.51,2.94,1.53,1.49,1.53,0.069,0.018666667,0.146,0.147,0.15,0.105,0.279,0.361,0.245,0.331,0.396,0.211,0.279,0.383,0.146166667,0.191833334,0.287833334,0.245166667,Yes
J57xP20_95,susceptible,0.5,0.251666667,0.201030261,0.20359952,0.188453006,0.201760336,0.102,0.031,0.033,0.032,0.024333333,0.026666667,0.041,0.288666667,0.284644443,0.260970975,0.258707904,0.285967522,0.017666667,0.015,0.015,0.031,0.026,0.025,0.012,0.25,0.284333333,0.235074909,0.236406683,0.239048923,0.21714474,0.139666667,0.126333333,0.014,0.012,0.011,0.013,0.012,1,1.88,1.23,3.4,2.24,4.91,2.77,1.52,1.52,1.77,0.08,0.03,0.09,0.092,0.094,0.074,0.263,0.366,0.236,0.365,0.448,0.227,0.357,0.482,0.090833334,0.1685,0.300333334,0.292166667,Yes
J57,susceptible,0.5,0.256666667,0.193593456,0.19067662,0.177744332,0.198385299,0.185666667,0.02,0.019333333,0.021,0.023,0.022333333,0.024,0.288,0.256631853,0.250101271,0.2609169,0.240655467,0.027,0.027,0.019,0.024,0.023,0.024,0.015,0.25,0.273333333,0.243593499,0.215876222,0.227870805,0.228005684,0.184333333,0.199666667,0.012,0.013333333,0.013,0.01,0.011,1,1.89,1.21,3.44,2.47,4.66,2.94,1.56,1.39,1.58,0.082,0.031666667,0.096,0.097,0.1,0.076,0.242,0.319,0.263,0.355,0.436,0.237,0.319,0.416,0.089833333,0.175833334,0.3145,0.286,Yes
P20,susceptible,0.5,0.242333333,0.204143106,0.186345097,0.205787832,0.196868686,0.17,0.071666667,0.014,0.089666667,0.017,0.026,0.046,0.239333333,0.266810322,0.266990297,0.282099448,0.251955127,0.039666667,0.018,0.018,0.018,0.088333333,0.017,0.013,0.25,0.265,0.231074611,0.230170978,0.234682615,0.227486897,0.252333333,0.2,0.01,0.012,0.015,0.021666667,0.020333333,1,1.94,1.23,3.79,2.48,5.17,2.94,1.58,1.53,1.76,0.084,0.0335,0.088,0.089,0.089,0.091,0.314,0.434,0.278,0.368,0.435,0.281,0.407,0.463,0.090833333,0.190833333,0.3295,0.3345,Yes
